biz_name,biz_addr,biz_zipcode
Reliable Servivces,6777 Washington Blvd,38443
Reliable Services,6942 Park WaP,46p15
Prime Systems,7033 ParD Ave,58782
Best Industries LLC,7214 Oak Ln,76881
Best Systems LLC,8772 Cedar Pl,92120
Super Systems,8456 Maple Pl,63156
A1 Associates,7771 Pine Ave,42191
Prime Systems,7064 Hvill Dr,96152
Pro Group,6680 Pine Ct,35390
Top Services Company,274 Cedar Pl,45592
Expert Group,9017 Elm Ct,96705
Prime Solutions,255 Hill St,90202
Super Associates,7881 Hill Rd,85288
TopDIndustries Company,5146 Pine Ave,59869
Quality Company,7663 Washington Blvd,41157
Reliable Systems,2997 Hill Ct,94355
Expert Industries,6228 Pine Dr,66794
Pro Associates,7939 Cedar Pl,54990
Best Solutions,3962 Elm Blvd,91730
Quality Systems,2394 Pine Terrace,92218
Quality WCompany,4233 Maple Pl,85504
Super Solutions,9595 Main Ct,30744
Elite Company,3060 Maple Ct,45125
Expert Systems,7159 El Pl,50689
Quality Technologies Corp.,1482 Lake Blvd,60442
Expert EnterRrises Inc.,260 Oak TerracEe,57236
Prime Consulting,525 Elm Dr,93425
Super Industries Company,8169 Washington St,45756
Reliable Enterprises,6357 Park Rd,42R65
A1 Associates,6058 Oak Ave,1i281
Expert Company,4543 Pak Ct,42911
Top Associates Ltd.,1197 Oak Pl,85055
Elite Group,9158 Lake Ave,39098
Best Solutions,9944 Park Pl,48328
Best Solutions,613 Oak Blvd,92427
Super Associates Inc.,118 Oak Ave,62283
Ruality Services Ltd.,4072 Lake Ave,52681
Pro Group,6285 Washington Ave,68000
Reliable Services,9003 PaOrk St,37665
Pro Solutions,5368 Main LnI,64038
Pro Company,2809 Elm Rd,44886
Elqite Industries,1915 Maple Ln,62640
Top Industries Inc.,2838 Oak Pl,99398
Reliable Services,7893 Lake Way,50723
Pro Industries Ltd.,771 Washington Dr,36291
Best Systems LLC,987 Cedar Blvd,14211
A1 Solutions Corp.,1689 Washingtn Pl,89570
Quality Grop,3870 Lake St,40424
Expert Industries,5541 Pine Terrace,93505
Prime Industries,236 Main Ave,54204
Super Enterprises,6905 Cedar Ct,58176
Quality Technologies Company,2908 Maple Dr,34949
Pro Solutions Ltd.,8747 Cedar Ln,10933
Prime Enterprises,6571 Hill Dr,96479
Reliable Services,8591 Elm Rd,27656
Quality Systems,2664 Main Rd,N3382
Reliable Associates,2764 Maple Ave,64205
Top Industries,3417 Lake Ln,36312
A1 Consulting Inc.,1793 Lake Dr,51960
Expert Systems,1580 Washington Rd,18712
A1 Services,2892 Lake CVt,19608
Reiable Associates Ltd.,6257 Hilr Ave,90268
Elite Industries LLC,9024 Cedar Pl,6u155
RelJiable Group,4815 Park Bvd,96169
Quality Technologies,7324 Hill Pl,58266
Reliable Associates Ltd.,6127 Washington Ave,39567
Pro Enterprises,5325 Pine Rd,70541
Rieliable Company,3696 Park Rd,51782
Prime Industries Company,5596 Elm Ln,91487
BesFt Company,7938 Oak oLn,30904
Best Group,8854 Pine Terrace,23228
Best Consulting,2513 Cedar Ln,53603
Super Associates,4845 Elm L,69150
Top NServices,2499 Hill Blvd,46372
Best Industries Ltd.,7248Elm Way,58725
Top Assocaates,2259 Cedar Rd,50887
Elite Associates Corp.,3875 Washington Dr,89697
Quality Technologies,2559 Pine Terrace,82746
Pro Gboup Ltd.,7673 Washington Way,40522
A1 Consulting,1507 Main Ave,77442
Best Group Company,2430 Cedar Ctr,5H377
Prime Technologies,1250 Elm Terrace,97231
TopU Group,759 Pine Terrace,88518
Elite Services,5566 Elm Rd,30646
Pro Groupk,5197 Hill Ct,38202
Prime Enterprises LLC,9805Park Ln,68517
Expert Group,517 Oak Nt,36503
Prime Enterprises Company,5902 Maple Ct,98037
Best Associates,8980 Maple Dr,3050
Elite Technologies,6952 Pine Rd,63199
Expert Systems,1341 Cedar Rd,51732
Expert Systems,420 Washington Blvd,17220
ProRServices Company,4369 Lake Ave,52167
Elite Group,8280 Maple Way,17312
Elite Company,1337 Pine Pl,68984
Reliable Services,8734 Oak Ave,67472
Pro Systems Company,7740 Oak Way,42104
Super Group,1538 Cedar Terrace,26143
Reliable Company LLC,9981 Hil Blvd,96130
Best Systems,3189 Cedar zSt,66695
Elite Associates,6720 Elm Ln,76665
Elite Sefvices,2653 Maple Ave,93680
Top Associiates,6190 Maple Dr,29059
Super Consulting,3729 Main St,39602
Expert Systems,8722 Maple Way,7858
Quality Services,8069 Main Way,44078
Top Company,7355 Cedar Ct,89174
Best Solutions Inc.,9473 Elm Ave,66532
Quality Technologies Company,6524 Pine Ln,75113
Quality Industries Company,9946 HillLRd,48686
Pro Company,4471 Elm St,92692
Top Solutions,3554 Washington Rd,93134
Top Systes Ltd.,7089 Washington Ln,57451
Prime Associates Corp.,5101 Hill Terrace,62727
Reliable Enterprises,4382 Oak Way,92034
Reliable XGroup,5555 Pine Dr,53684
Pro Associates Corp.,7781 Hill Rd,76631
RelFable Industries,4798 Pine Ct,33541
A1 Enterprises LLC,4531Main Rd,8I240
Elite Solutions,6323 Washington Ln,98V58
Pro Company Company,4816 Oak Rd,80463
Best Industries,9145 Main Blvd,21835
Best Enterprises Company,9131 Lake Blvd,47238
Top Industries,142 Washington Terace,91104
Pro Consulting Corp.,7228 Maple Ave,82985
Super Associates,3169 Pak Blvd,73319
Elite Enterprises Ltd.,7451 Cedar Ln,80097
Primd Group,7253 Main Blvd,95629
Best Industries Inc.,7522 Lake Dr,11021
Expert Associates,8685 Elm Rd,59891
Elite Consulting,5634 Elm Terrace,S7052
Prime Technologies Corp.,7402 Lake St,279F2
Pro Services Company,4183 Lake Dr,41834
Quality Consulting,3134 Lake Pl,13908
ElitegSystems,9934 Elm Ct,39998
Elite Services Inc.,4654 Hill Dr,43965
Elite Company,3699 Maple St,70113
Reliable Enterprises Ltd.,7400 Elm Ct,10919
Elite Industries,4887 Lake Ln,29756
Expert Industries,3237 Lake Dr,27973
Quality Technologies Ltd.,5398 Oak Blvd,58H23
PVime Solutions,554 Lake Blvd,83540
ReliabOe Services Ltd.,6024 Pine Blvd,70659
Super Solutions Ltd.,6777 Oak Ave,e9522
Reliable SFstems Inc.,6195 Main Pl,5t210
Top Group,4737 Cedar Way,52782
Super Serices,9891 Washington Ave,70182
Pro TechUologies,4597 Oak Dr,12626
Reliable Services,172 PaRk Dr,51412
Super Industries,4791 Lake Terrace,67606
Quality Consulting,3286 Oak Ave,94305
Top Industries Inc.,3982 Oak Ave,28025
Elite Industries Corp.,8885 Elm Ln,59786
Super Technologies,f7046 Oak Ave,2948v
Quality Associates,7059 Park Terrace,57226
Quality Consulting,4118 Hill Way,52800
Best Conulting,1749 Cedar Terrace,96338
Reliable Group,6550 Cedar Blvd,71767
Pro Syswtems,424z3 Hill Blvd,71775
Expert Services Ltd.,6146 Washington Pl,12844
PLime Associates Corp.,7208 Oak Pl,83A74
Expert Group,5941 Main Ln,71218
Prime Company Company,2584 Main Way,29045
Best Industries,785 Oak Dr,66056
Top Assciates,7646 Maple Ln,24959
A1 Group,9786 Oak Ln,36928
Reliable Industries,7375 Cedar Way,93251
Pime Associates,854 Main Ln,67596
Expert Industries,3986 OGak Terrace,38289
Reliable Group,4133 Oak Terrace,48956
PriQme Services,7004 Pine Terrace,30917
Prime TDechnologies,9416 Cedar Dr,67923
Prime Associates,9282 Washington P,69134
Expert Solutions,2329 Maple Dr,49005
A1 Technologies,5204 Park Dr,4876
TopS Industries,4955 Pine Ct,4330
Quality Sevices,4909 ark Ln,96138
Super Services,2831 Maple Pl,76408
Pro Grop,7517 Pine Rd,82575
A1 Company,3361 Main Blvd,73832
Expert Solutions,9644Hill Pl,82560
Pro Company,28S8 Oak Blvd,65990
A1 Technologies,2680 Cedar Ave,21524
Quality Solutions Ltd.,6570 Washington Dr,12593
Top EnHterprises,4241 Lake Way,65882
AV Solutions Inc.,123 Washington Way,57376
Reliable Enterprises Corp.,1557 Lake Ave,16798
Best Associates,9363 Main Rd,72545
Quality Systems Ltd.,1229 CeYar Rd,63130
Pro Associates,7084 Park Terrace,23651
Expert Company,2281 Park Ln,4697s
Pro Associates,7317 Hill Way,98987
Best Company,8890 Oak St,4W365
Top Services,7782 Park Dr,80905
uper Services,444 Pine Ave,56790
Best Industries,7396 Main Ln,55908
Prime Solutions,9878 ine Ln,79926
Quality Technologies Inc.,1690 Oak Ct,25743
Top Consulting,6683 Main Way,40510
Top Company LLC,3793 Lake Blvd,46471
Super Systems,8302 Oak Ave,77734
Elite Enterprises,3572 Pak Dr,45490
gPrime Enterprises,3523 Maple Dr,96683
Best Services,8903 Cedar Pl,75440
Relible Technologies Corp.,2170 Cedar Rd,57496
BeJst Systems,9602 Pine Rd,37434
Pro Company,2098 Elm Rd,800Z0
Prime Cmpany,5463 Elm Rd,99722
Quality Group Inc.,7195 Hill Ave,84510
Elite SolutiRns,8663 Cedar Pl,38692
Pro Technologies Cxrp.,7810 Oak Ln,47536
Elite Group,8004 Gashington Ave,77740
Best Industries,5592 Washington Dr,38872
Top Solutions,5276 Maple St,13679
Best Industries,8854 Elm St,98797
Best Solutions,6550 Oak St,97913
Top Associates Company,7902 Maple Ln,47663
Top CompanyUCompany,2656 Oak Rd,23435
Top Systems Corp.,7780 Pine Pl,88668
Top Systes,1068 Hill Blvd,59484
Best Technologies,3648 xElm Ct,53378
Reliable Industries,7227 Park St,60915
A1 Consulting,2972 Maple Way,9246
A1 Associates Ltd.,1906 Oak Wag,2188
Quality Group,5362 Park Ave,73383
Top Consulting Inc.,1825 Pine St,70244
Super Company,2010 Pine Ln,97966
A1 Group,4999 Cedar Ct,84387
Best Industries,7628 Main Ave,62634
Elite Group Inc.,5910 Lake Terrace,8Q096
PrimeSystems,3402 Main Pl,588j0
Super Associates,5193 Cedar St,42730
Quality Services,5131 Washington Way,41682
Quality Technologies Corp.,1208 Washington Way,71210
Reliable Associates,1901 Lake Dr,90513
Super Industries Corp.,3534 Maple St,44194
Pro Systems,9803 Main Blvd,91378
Expert Industries,5192 Oak Ave,74259
Top CompaZy Company,3D859 Elm Ct,45499
Top Associates,3121 Park Ln,9149C
Rpliable Enterprises Corp.,9460 Pine Ct,39858
Best CHonsulting,3285 Elm Pl,49235
Reliable Solxtions Ltd.,838 Maple Blvd,80850
Prime Company,343 Park St,18706
Elite Associates,6f91 Elm St,71705
Pro Associates,613 Lake Rd,28876
Expert Industries,9812 Maple St,50058
Pro Group,7552 Lake Dr,2324
Super Associates,3723 Oak St,57707
Quality Enterprises,1303 Washington Rd,29552
Super pServices,2911 Maple Wauy,98119
A1 Technologies,3998 ParkOCt,18107
Expert Consulting,6650 Cedar Ave,85441
Prime Services,7233 Park Blvd,80365
Best Services,2861 Cedar Pl,15062
A1 Industries Company,8414 Park Ln,84803
Quality Company,6765 Maple Blvd,73349
Super Company,5972 Park Ct,62753
Quaity Technologies,3331 Main Terrace,13841
Quality Industries,9756 Park Ln,31507
A1 Industries,2696 Hill Rd,31024
A1 Services LLC,7677 Cedar Blvd,10389
Elite Solutions LLC,577 Elm Ln,85682
Quality Consulting Company,9904 HiVl Ave,66099
Expert Company,9442 Wasington Ct,45326
Pro Industries,2271 Cedar Ave,64X46
Elite Company,6696 Lake Way,67649
Reliable Enterprises,387 Oak Blvd,80273
Best Enterprises Company,X5565 Maple Blvd,83085
RelYable Company,7288 Main Dr,79080
Byest Enterprises LLC,2620 Washington Dr,47987
Reliable Industries,8029 Hill Ct,12882
Expert Enterprises,6420 Hill Dr,35097
A1 Company,9987 Washinton Ave,88200
Prime Enterprises,2111 Oak Terrace,40995
Pro Enterprises,9755 Pine Ave,T8985
Reliable Group,817 Main St,264m0
A1 Systems,7544 Oak Terrace,17767
A1 Industries,475 nWashington Ave,42341
Top Technologies Ltd.,5599 Elm Rd,97547
Expert Group,1870 Elm Terrace,82663
Elite Solutions Ltd.,4370 Cedar Way,76834
Top Industries,7954 Main Ct,35146
Reliable Industries,9583 Elm Ct,13015
Top Systems,9085 Elm Cts,97310
Prime Solutions Company,4962 Oak Pl,48906
Best Company,3436 Lake Dr,61443
Quality Associates,7855 Main Ave,77926
A1 Sstems LLC,3323 Elm Dr,4047
Best Consulting,2161 Main Terrace,6438
Reliable Solutions,4485 Hill Pl,74051
Elite Technologies,6432 Elm Ct,63661
Best Associates Ltd.,8l89 Cedar Rd,51736
PrimenGroup,1685 Main Blvd,15891
Top Associates,800 Lake Ln,1804
EliFte Solutions,7738 Washington Ln,89970
Reliable Technologis,740m Main St,14969
Expert Industries Company,4721 Elm Rd,56128
Quality Group,8682 Oak Rd,88045
Quality Enterprises Inc.,2749 Prk Rd,14662
Top Company,6841 Main Blvd,67984
Elite Solutions,4761 edar Ln,51604
Prlme Enterprises Company,6648 Hill Ave,45768
Pro Company,175 Cedar Rd,76795
Top Enterprises Inc.,4318 Elm Way,17309
Prime Associates LLC,7618 Washington Pl,46359
Elite Group,8991 Park Way,58503
A1 Technologies,4971 Pine Ave,66615
ProlServices,8181 Lake Rd,89734
ro Solutions,7404 Washington Ct,12122
Prime Group,990 Main Way,39893
Expert Industries,1123 Mapele Pl,23066
Super Systems,7515 Maple Ct,53225
Pro Industries,1059 Hvll Pl,31774
A1 Consulting,1089 Main Way,72546
Best Systems LLC,4161 Park Pl,28852
Top Group Ltd.,7639 Hill Terrace,95882
Elite TechnologiCs Company,4785 Washington Dr,55457
BesP Services,4996 Pine Way,89781
Quality eSolutions LLC,9332 Park Rd,51527
Top Enterprises,6904 Oak Way,76888
Pro Consulting,8634 Lake St,40651
Qualityq Group LLC,709 Maple Way,87353
Pro Company,2599 Park Way,44319
Reliable Services,5538 Washington Pl,62579
A1 Consulting,7764 Oak Ct,7432
Elite Technologies Company,262P Maple Pl,38102
Top Associatep,1436 Cedar Ave,8387
Quality Technologies,1865 WashingAon Blvd,22965
Quality Systems,129 MaiTn Dr,88394
Top Group Ltd.,2157 Lake Ave,13449
Quality Enterprises Company,3991 Lake Sr,56123
Quality Systems,7233 Cedar Blvd,28526
rime Industries,4828 Park Pl,68301
Expert Associates,7831 Cedar Blvd,17156
Pro Associates,5474 Hill Dr,88968
Super Enterprises LLC,999 Cedar Asve,51026
Expert Consulting Inc.,7043 Maple Terrace,65247
Reliable Group,8798 Washington Ct,55597
Prime Associates,9449 Lake Ct,51370
Pro Company,531 Cedar Kl,78399
Pro Systems Ltd.,702 Hill Terrace,33547
Super ConsultinQ,5854 Washington Terrace,77876
Elite Systems,7612 ashington St,42810
Quality Solutions,5448 Elm Pl,39492
AM Group,8825 Maple Rd,21681
Best Consulting,1209 Oak Rd,54830
Best Group,5956 Main ot,81306
A1 Group,1762 CHedar Terrace,50004
Quality NServices,5264 Hill Way,62747
Pro Services,6408 Lake Ct,10119
Pro Enterprises Ltd.,4374 Pine St,70935
A1 Idustries Inc.,3041 Main Blvd,57676
Best Services,6524 Park Terrace,20937
Super Technologies,4157 Washington Terrace,18988
A1 Systems Company,6103 Lake Terrace,15086
Prime Industries,4136 HVll Ln,80128
Expert Solutions Inc.,597 Elm Pl,97530
Elite Systems,7550 Pine Way,76286
Quality Services Company,9996 Park Dr,10250
Bst Services Ltd.,912 Pin Ln,4848
Super Enterprises,8083 Pine Rd,48342
Prime Associate Ltd.,4735 Pine Ct,52559
Reliable Group Company,4343Maple Ln,19389
A1 Services,5310 Lake Way,73753
Prime CompanP,277 Washington Dr,76441
Expert Services LLC,4071 Hill Blvd,66140
Expert Consulting,3996 Maple Ct,6527r
Super Associates Inc.,6696 Maple Ct,39223
Prime Associates,1731 Washington St,35175
A1 Technologies,4825 Maple Blvd,90838
Expert Company LLC,9796Main Blvd,52567
Super Group,7756 Park Rd,98984
Elite Group Company,7566 Pine Pl,67880
Pro Industries Ltd.,7436 Park Dr,2199e
A1 Systems,8814 Washington Blvd,22351
lite Consulting,3936 Hill Rd,66631
Prime Company,4254 Elm St,87139
Pro Consulting Ltd.,6730 Cedar St,27788
Prime Solutions,1285 Hill Terrace,47091
Prime Systems,6163 Main Ln,17520
A1 Industries,189 Pine Terrace,78137
Pro Solutions,8720 Park Pl,73452
Qualithy Services,8599 Pine Ln,31356
Reliable Enterprises,2468 Elm Ave,95320
Elite Company,270 Main Ct,12279
Reliable Enterprises,7885 Maple St,81068
Super Solutions,7055 Hill Ln,31914
A1 Enterprises,9652 Cedar Way,63911
Expert AssYociates Ltd.,1549 Washington Ln,58799
Top IndusTtries,3259 Lake Dr,31054
Expert Group,8305 Oak Way,1940
Elite Industries,9687 Oak Rd,33698
Prime Company,4139 Cedar Blvd,4383
Elite Technologies Inc.,3578 Oak Ave,95790
Prime Consulting,550 Maple Ave,257k0
Super Associates LLC,1361 Main Way,34730
Pro Industries,9085 Park Rd,63597
Top IndustriCes,4576 Cedar Ln,507K2
Expert Associates,6426 Cedar Blvd,74653
Best Company,2754 Cedar Pl,33309
Super Consulting,88w86 Lake Ct,17117
Wxpert Company,8551 Cedar Terrace,99738
Top Industries,7242 Main Rd,33225
Top AssociaLtes,3113 Main St,62900
Reliable Services Ltd.,8677 Elm Ct,25115
Reliable Solutions,4223 Hill Ave,81087
Expert Systems,6130 Pine Pl,18347
PriVe Systems Corp.,415 HillW Terrace,27102
Reliable Company Corp.,8887 Lake St,53067
Best Systems,5359 Main Way,19053
Expert SolutionL LLC,4238 Pine Ave,98790
Reliable Company Company,9320 Elm Pl,32279
Elite Enterprises Ltd.,1067 ZCedar Dr,39481
Pro Company,2880 Hill Ln,15684
Expert Solutions,1428 Washington Rd,93556
Prime Associates Company,653 Washington Ave,12941
Super Industries Inc.,3063 Lake Blvd,81551
A1 Technologies,2999 Hill St,12146
Pro Solutions,2415 Oak Ct,50412
A1 Technologies,7366 Elm Ct,74094
Pro Associates Corp.,9148 Maple Way,31704
Expert Group Inc.,9836 Hill Ave,15640
Reliable Enterprises,4718 Main Pl,71539
Super Group Ltd.,2502 Elm Ct,54239
A1 SSolutions,2627 Oak Way,70700
Expert Services,7133 Washington Ct,1132
Best Solutions,2237 Washington Blvd,45457
Quality Servies,363 Park Ave,70238
Elite ServXices,9683 Cedar Pl,63143
Expert Assocites,9522 Main Ave,95694
Elite Systems Corp.,4881 Lake St,81491
Quality Systems LLC,9491 Washington Blvd,43501
Super Industries,1792 Cedar Rd,35819
A1 Company,7470 Oak Ave,78920
Pro Solutions LLC,6109 Main Rd,26269
Pro Technologies,9838 Oak Ct,75754
Quality Enterprises,o4376 Elm Rd,73348
Quality Industries,3395 Park Terrace,13042
Pro SystemsCorp.,7007 Maple Way,84109
Expert Group Ltd.,5088 Mape Ln,88747
Quality Consulting,2990 Lake Ave,97975
Reliable Consulting,217 Hill Rd,10345
A1 Associates,4683 OakA St,56577
Pro Services Ltd.,8377 Hill BSt,96499
Top Solutions Company,2440 Hill Rd,79842
Quality Associates,8190 Oak Terrace,47151
Super Consulting,7148 Hll Rd,74896
Super Associates,9500 Lake tl,66263
Top Industries,8811 Park Blvd,11589
A1 Company LLC,7346 Maple Pl,33020
ReliaAble Services Corp.,9873 Main Terrace,80880
Elite Technologies,7050 Maple Wa,66872
Elite Services,7222 Washington St,41721
Top Services,3494 Elv Terrace,58881
Pro Systems,3503 Oak Blvd,10491
Top Enterprises,3851 Hill CW,98552
Reliable Industries,2298 Elm Pl,19405
Expert Consulting,2217 Hill Terrace,19440
Expert Enterprises Inc.,3934 Hill Way,45762
Quality Industries,9077 Maple Ln,59293
A1 Associates,8688 Main Ct,12042
A1 Technologies,4311 Hill Way,55621
Expert Solutions,8189 Lake Ct,23165
Expert Solutions,9746 Cedar Aae,45077
Best Systems,4594 Main St,70857
Pro Services,1659 Main Way,80746
Quality echnologies Company,6801 pain Way,18658
Super Enterprises,3551FMaple Ave,24539
Pro Services,204 Washington Ln,49542
Prime Associates Corp.,6867 Sain St,21630
Super Solutions,923 Hill St,72558
Super Consulting Ltd.,169 Cedar Ct,94491
Prime Company,5946 OakD Dr,96671
Expert Servics,9479Oak Ct,58188
Quality Group,5534 Hill Terrace,87903
Expert Services LLC,2795 Hill Terrace,76927
Elite Technologies,597 Pine Way,25133
Reliable Group LLC,9376 Washington Way,75741
Expet Industries,3382EOak Ave,96500
Super Consulting,7689 Lake Blvd,96038
Expert Solutions,7791 Main Blvd,32823
Eite Systems Inc.,2335 Pine Rd,8694
Best Enterprises,7742 Pine Rd,64573
Best Entrprises,7850 Lake Rd,22518
Elite Services,6409 Cedar Blvd,22047
Quality Company,9573 Hill Way,57180
A1 Enterprises Ltd.,7185 Park Blvd,88939
A1 Group,9990 Hill Pl,47818
Best Associates Company,9828 Oak Ave,77588
Best Enterprises,2607 Park Ln,52264
Prime Soutions,8732 Oak Ct,39673
Elite Services,2521 Oak Pl,58088
Pro TechnologieB LLC,3230 Oak kd,56313
Reliable Solutions,418 Maple Blvd,90272
Expert Services,6351 Elm Terrace,52119
Quality Associates,2361 Pine Ct,82437
Elite Enterprises,9545Park St,66472
Quality Systems,4134 Elm St,74666
Prime Enterprises,3954 Washington Ave,55576
A1 Technologies,9532 Cedar Pl,39950
A1 Solutions Company,4124 Lake Ave,86896
Prime Company,1687 Oak Ct,86389
Prime Systems Company,9672 Cedar Way,2o426
Top Associates,8343 Cedar Ave,22558
Pro Group,2310 Washington Pl,37554
Prime Industries,3336 Pine Ct,55349
Reliable Group Company,7974 Park Ave,28509
A1 Company,2847 CedEr Dr,74287
Best Technologies,9685 Park Pl,15421
Prime Solutions,6458 Hill Terrace,35264
Pro Associates,7430 Park Ln,83554
Reliable Company Ltd.,3730 Main Blvd,10088
Super Associates,9128 Park Ln,68958
Qualitb Technologies Inc.,5501 Main Terrace,86149
Pro Group LLC,5423 MainsPl,25431
ExpertjAssociates,7972 Pine Blvd,91401
A1 Industries,6265 Cediar Ave,83222
Pro Company LLC,6335 Cedar S,96924
Pro Company Inc.,274 MapleAve,38525
Elite dompany,2295 Maple Rd,25692
Reliable Associates Ltd.,17a9 Elm St,35201
Quality Associates,2145 Washington Pl,60884
Exsert Associates Inc.,1492 Lake Rd,80955
Prime Industries Ltd.,9477 Washington Dr,78513
Pro Industries,1035 Pine Way,31128
Quality Enterprises LLC,99V86 Park Dr,64873
Elite Technojlogies Corp.,1333 Main Terrace,88849
Super Consklting,7810 Elm Blvd,26379
Reliable Services,8726 Lake Dr,92067
Best Enterprises,885N Elm Ln,89279
Quality Associates,8862 Hill Way,7364U
Super Technologies Ltd.,993 Pine Ln,68414
Top Solutions,5107 Lake Pl,61238
Prime Systems,4514 Lake Ave,54149
PriDme Industries,1737 Cedar Ln,10165
Relibable Technologies Ltd.,7784 Main Ave,14375
A1 IndustrieW Company,9005 Park Ln,41405
AC1 Technologies Inc.,L3584 Park Rd,82600
Prime Technologies,499 Cedar Terrace,4846
Super Group Ltd.,1614 Pine Ct,92285
Best Technologies Ltd.,6755 Lake Pl,98704
Reliable Industries,7481 Pine St,33643
Quality Solutions Inc.,2443 Oak Ct,91572
Top Solutions Ltd.,9529 Washington Blvd,90336
Prime Systems Ltd.,4494 Cedar St,63152
SupeS Company,9270 Hill Terrace,25468
Prime Solutions,4147 Pine Rd,13609
Elite Industries,125 Main Pl,35103
Best Enterprises Corp.,5313 Wshington Ave,46787
Prime Industries Corp.,953 Oak St,52943
Best Services,9533 Elm Ave,96882
Reliable Group,998 Oak Dr,38711
EliteServices Company,6316 CedaP Ct,76550
Prime Enterprises,2872 Elm Ln,36359
Experh Associates,2925 MapleRd,17764
Expert Consulting Company,187 Lake Ct,43155
A1 CTechnologies,7294 Oak Ave,20703
A1 Technologies,9938 Pine Ct,89552
A1 Solutions Company,4095 Elm Ct,91160
Prime Company Corp.,237 Maan Blvd,30326
A1 Systems,9621 Maple Dr,89181
Prime Technologies,3198 Lake Ct,3163
Expert Solutions,2584 OakYWay,9316
Pro Company,2729 Oak Way,19968
Best Associates Ltd.,4541 Cedar St,494j9
Best Associates,6816 Elm Way,7H415
Super Enterprises CoTpany,3825 Main Ct,50170
Reliabl Technologies Corp.,341 Oak Pl,69621
Elite Enterprises Company,1447 Maple Ave,93742
Best Group,7501 Maple Way,62637
Super Associates,5030 Washington Rd,22542
Elite Enterprises,4070Hill Rd,87720
A1 Systems,2614 Oak Ln,12751
Pro Systems,227 Hill Rd,88953
Quality Associates Corp.,7347 Elm Rd,74416
Best Systems Ltd.,306 Cedar Pl,5K320
Pro Syssems,1523 Oak Ct,37283
Quality Servies,7496 Lake Terrace,75I04
Pro Solutions,3018 Hill Ln,96140
Top Associates LLC,5748 Washington Blvd,71091
Best Services,8312 Main St,19114
Expert Solutions,66y4 Cedar St,97784
Best Technologies Inc.,5321 Cerar Blvd,67040
A1 Company,4028 Main Terrace,55015
Super Group,6117 Oak Wy,53939
Quality Associates,3413 Cedar St,89127
Pro Group,3690 Washington Ave,93402
Reliable Solutions Corp.,3572 Park Blvd,24772
Best Associates,20j45 Park Ln,42554
Top Associates,2729 Main Blvd,88002
A1 Enterprises LLC,2188M Main Ln,92249
Prime Consulting,4757 Cedar Ave,25335
Top Solutions,6413 Washington Ave,89630
Quality Company,7898 Elm Ln,65865
Prime Associates,1296 Man Terrace,69092
Super Solutions Corp.,2082 Oak Ct,69666
Expert Enterprises,6479 Cedar Pl,39618
Best Industries Company,4766 Park Way,98028
Pyo Systems,2911 Washington St,19522
Prime Associates,5856 Lake Ave,17719
Top Enterprises,6560 Oak Blvd,50482
Experk Systems Ltd.,488 Elm l,28157
A1 Solutions,2247 Hill St,56258
Reliable Services,9852 Main St,67174
Elite Services,5272 Cedar AYve,32808
A1 Group,6533 Lake Blvd,83905
Pro Consulting,1235 Washington Rd,33605
Quality Enterprises Corp.,5379 Hill Pl,3795
Elite Services,7428 Maple St,84242
Quality Industries,8878 Hill Terrace,0980
xExpert Solutions Company,6504 Cedar Way,2H484
Expert Group,967X Pine Ct,95812
Pro Services,6482 Cedar Blvd,5452
Super Enterprises Company,6948 Cedar Terrace,29783
Best Solutions,3118 Pine Rd,33582
Best Industries,8688 Pine Way,95345
A1 Services,5012 Park Ave,30375
Reliable Servces,2102 Hill Way,88103
Best Systems,5487 Main Blvd,55140
Top Solution,1149 Maple Rd,87976
Best Company Ltd.,2989 Lake Rd,93243
Quality Services,4952 Hill Blvd,26498
Prime Solutions Corp.,1501 Cedar Ave,97681
A1 Group,1382 Park Ave,56999
Super Company,4675 Pine Pl,35374
Reliable Services,442 Elm Blvd,68612
A1 Consulting Company,9593 Maple Way,91309
Top Industries Corp.,8331 Maple St,5B959
Elite Technologies,350 Park Ct,85639
Expert Company Corp.,8924 Hill Pl,12947
Super Enterprises,1241 Maple Ave,2477
Reliable Group Ltd.,1317 Washington Ct,10494
Pro Technologies,605F6 Washington Ct,6835
Expert Enterprises,769 Elm Dr,28649
Quyality Technologies,6792 Oak Ct,58841
Expert Solutions,3235 Elm Dr,N3000
Elite Services Inc.,905 Washington Ave,66123
A1 Solutions Corp.,2434 Lake Pl,52382
A1 Group LLC,8483 Washington Dr,21095
A1 Technologies,366m6 Main Rd,65884
Reliable Servicfs,9016 Lake Way,99090
Reliable Consulting Corp.,3775 OakSt,73260
Prime Company,4064 Washington Terrace,30096
Prime Consulting LLC,2352 Washington Dr,15022
Pro Group Corp.,2479 Pine Way,5327v
PIro Solutions Company,8650 Hill Dr,7763
A1 Systems,3623 Pine Terrace,29956
Prime Systems,1445 Park Ave,29673
Expert Industries,306 Lake Terrace,74228
Super Solutions Company,2229 Pine Way,58827
Elite Industries,416 Elm Terrace,22306
Expert Enterprises Ltd.,9034 Lake Dr,66539
Best Solutions Corp.,7649 Main Ct,3876
ExpertConsulting Corp.,6459 Main Pl,46142
Best Solutions,9958 Main Vd,75316
Super Enterprises,8631 Pine Dr,10144
Prime Enterprises,8799 Maple Dr,30224
A1 Associates,9690 Washington Pl,27698
Top Associates Ltd.,2059 Main Pl,75017
Expert Company,4147 Park Ln,65110
Reliable Conslting,2187 Main Ave,59006
Expert Associates,7621 Cedar Terrace,41085
Top Services Ltd.,4803 Oa Blvd,82392
Reliable Technologies,9452 Park Way,73794
A1 Associates,2361 Elm Terace,30240
Expert Consulting,582 Oak Rd,97710
Expert Company,9008 Lake Pl,42470
Quality Company,496 Lake Ln,29166
Prime Associatets,2111 Main Pl,71482
Pro Company,8797 Maple Terrace,56874
Reliable Associates,8214 Oak Terrace,90142
Prime Associates,4596 Park St,61344
A1 Systems Company,2198 Main Pl,31862
Elite ConsultCng,6242 Elm Rd,51828
Top Technologies,1295 Pak Way,99065
Qualizty Solutions Company,6436 Washington Ave,56811
Pro Group,8547 Hill Terrace,27840
Top Group,3619 Elm Ct,99579
Pro Technologes,7435 Main Way,7495
Prime Associates Ltd.,2670 Pine Ln,65538
Elite Associates,5040 Pine Pl,76743
Prime Enterprises,2779 Hill Rd,11679
Expert Group,8336 Hill St,51145
Expert Technologies,7193 Washington Way,54230
Super Technologies LLv,4595 Cedar Ln,83566
Top Services Inc.,3551 Cedar Ln,64001
Quality Industries,7855 Hill Pl,49708
A1 Associates,8223 Oak Blvd,4551
Pro Consulting,3172 Cedar Terrace,43886
Super Company Inc.,5333 Main DGr,61186
Pro Solutions,2074 Main Blvd,58588
Prime Group,1819 Oak Dr,96397
Elite Associates,2129 Pine Dr,70721
A1 Associates,9194 Washington Ct,47874
Pro Tchnologies Company,4553 Pine Ave,47522
Elite Industries Ltd.,1218 Oak St,52395
Best Industries,5839 Lake Rd,38852
A1 Company,4054 Cedar Way,97102
Pro Associates,5876 Oak Terrace,23014
Super Industries,3687 Park Terrace,31847
Elite Associates,7617 Park Ct,24446
Top Company Inc.,2483 Main Rd,57485
Reliable Group LLC,8582 Park Terrace,18104
Quality Enterprises,3988 Pine Blvd,83908
Prime Associates Inc.,6707 Washington St,a2475
Elite Company,4630 Lake Ln,60689
Top Technologies,9095 Hill Way,77866
Prime Associates,4029 Main Terracq,58381
Quality Consulting Inc.,3281 Pine Way,32961
Expert Technologies,4819 Hill St,64927
Prime Enterprises Cor.,9270 Park Terrace,38895
Elite Consulting,7132 Elm Pl,58447
Elite Services Corp.,6504 Main Terrace,20603
Best Cdompany Corp.,7895 Lake St,73848
Reliable Associjates,5412 Park Rd,60327
Super Company Corp.,9189 Lake Pl,68055
Pro Technologies,5008 Oak Ct,97776
A1 Services,2524 Washington Rd,83524
Expert Systems,5445 Lake Dr,66826
A1 Group LLC,4837 Elm Blvd,51694
A1Group,6551 Oak Ct,82790
Reliable Associates LLC,4z89 Main Pl,28865
Expert Solutions,7488 WashiUngton Rd,249v6
Super Enterprises,4480 Wshington Ave,47040
Best Company,7977 Park jBlvd,34259
PronIndustries,2202 Main Ct,60167
Expert Consulting,3873 Washington Ln,61828
Qualit Systems,3564 Lake Terrace,80854
Prime Associates,7127 Oak Blvd,88861
Best Consulting Corp.,7529 Cedar Pn,528l9
Top CLonsulting,9026 Elm Terraced,52144
Pro Associates,6497 Main Dr,49840
Elite Industries Inc.,1847 Park St,74008
Best Enterprises Inc.,1562 Cedar Way,86475
A1 Consulting,M107 Park Ave,2633
Pro Company,3811 Maie Terrace,33835
Top Enterprises,2362 Pine Pl,94349
Pro Solutions,1368 Hil Ave,65558
Quality Industries,7444 Park Rd,56670
Expert Services,8501 Washington Ln,39911
Pro Solutions,1851 Hill Terrace,27010
Best Services Inc.,9534 Hill St,99736
Best Solutions,3655 Washington Ave,35698
Top Associates,9464 Oak Ave,29906
Elite Technologies,7823 Lake Dr,90299
Expert Company,9149 Elm Ln,66533
Prime System,5128 Oak Waz,T8761
Prime Solutions,5073 Pine Pl,73765
ro Enterprises,3087 Elm Terrace,29812
Elite Consultingd,5876 Pine St,99912
Top Associates LLC,9534 Lake Ln,15163
Super Systms,8433 Maple St,29166
Pro Industries,2519 Pine Pl,44647
Super Systems,5864 Main Blvd,22944
Expert Apssociates,557 Park Dr,93025
A1 ssociates Ltd.,6639 Hill Dr,73047
Super Services,7381 Pine Ln,30418
Best Systems,6588 Elm Pl,76113
Quality Associates,7896 Maple Rd,22193
ProB Group,2844 Pine Ln,94961
Elite Industries,3270 Oak Dr,72766
A1 Associates,7452 Park St,68613
Expert Comqpany,3325 Cedar Ct,75595
Elite Company,P6988 Pine Ave,95581
Best Associates,4655 Elm Terrace,51080
Quality Company Corp.,6294 Oak Rd,B5264
Elite Consulting,9327 Park Blvd,55265
Prime Services Company,8998 Washingto Pl,30989
Elite Company,8363 Cedar Ln,2647
Prime Systems,7393 Elm SUt,84315
A1 Systems,3685 Park Ave,14588
Prime Group,438 Park Dr,87913
A1 Industrifes,3941 lm Pl,23864
Expert Company,2969 Washington Rd,82428
Super Solutions,3581 Park Terrace,44105
A1 Industries,1520 Elm Terrace,42568
Elite Technologis,3415 Maple Blvd,28636
ExperA Services,308 Oak AUe,25799
Reliable Enterprises,4750 Oak Terrace,39765
Prime Associates LLC,4668 Oak Rd,30931
Expert Group LLoC,3786 Hill Way,91374
Pro Technologies,5388 Cedar St,58745
Super Services,2524 Park Way,54036
Super Associates,3173 Lake Terrace,58104
Best Services,7949 Main Ct,75281
Expert Associates,5934 Ljke Way,25206
Reliable Technologies,2564 Elm Pl,57196
Best Systems Company,632 Main Ave,42235
A1 Technologies,4685 Washington Rd,23576
Top Consultiyng Inc.,9583 Pak Blvd,92287
Reliable Industries,2322s Cedar St,98909
Prime AssociatQs,5956 Lake Ct,80069
A1 Technologies Corp.,3075 Park Ln,43734
Prme Company,4192 Park Blvd,57274
iExpert Services,7946 Washington Pl,42366
A1 Company,1398 Hill Way,73964
Pro Consulting Inc.,6308 Elm Ct,90856
Expert Consulting Company,4823 Main Ct,82994
Reliable Group,9063Oak Ln,y0296
Expert Technologies Inc.,2936 Elm Way,23597
Elite Solutions,4816 CedarqWay,63895
Reliable TechnCologies,4440 Oak Blvd,56717
Elite Industries,7041 Cedar Ln,67113
Expert Systeme,9605 Park St,11042
Best Solutions,731 Cedar Blvd,45836
Quality Group Ltd.,9769 Elm Way,61676
Reliable Services Corp.,5013 Oak Blvd,67776
A1 Associatea Company,8664 Oak Way,44073
Expet Group,1197 Oak Ave,61388
A1 Consulting,7966 Oak Ct,67722
Quality Services Inc.,3173Main Ct,48373
Reliable Company,6725 Washington Pl,97893
Best Consulting,1648 Lake Ct,46404
Quality Consulting Corp.,7719 laple Blvd,99798
Prime Industries,2454 Pine Way,80565
Prime Associates,1876 Pine St,26021
A1 Group,4111 Lake St,55518
Prime Associates Ltd.,9616 Washington Way,69533
Bst Company,3574 Main Ave,64255
QMality Technologies Ltd.,410 Cedar Ln,22258
Expert Group,31n7 Cedar Blvd,74768
Pro Services,4748 Washingtn Ct,60495
Reliable Systems,8866 Hill Rd,35077
Reliable Systems Corp.,6308 Lake Ct,46878
Elite Services Inc.,5698 Washington Rd,93707
Quality Consulting Ltd.,8606 Main Rd,46512
Expert Services,7461 Park Rd,71655
Expert Technologies Ltd.,6480 Washington Dr,78592
Prime Technologies Corp.,5395 Cedar Ln,15103
Expert Enterprises,3732 Pine Dr,88091
A1 Group LLC,8109 Pinke Pl,44744
A1 Solutions,8015 Oak Ave,63161
Prime Technologies,5204 Elm Dr,25668
Relible Consulting,9335 Main Terrace,22918
A1 Consulting,5506 Washington Blvd,9283
Reliable Industries,2291 Maple Ave,90257
Quality Systems,9804 Elm Blvd,61355
Quality Associates,4647 WashinQton Ln,75830
Reliable Company,5198 Lake nay,24061
Expert Group Ltd.,853 Lake Terrace,81063
Elite Grocup,6368 Oak Ct,12887
Best Systems Corp.,5923 Pine Ave,76599
Reliable Industries,8117 Maple Rd,59874
Elite Services Ltd.,1625 Lake Ave,60605
Pro Consulting,233 Lake Ln,19394
Top Technologies LLC,3417 Elm Pl,74568
Best Services CoKrp.,433 Washington Ln,17352
Super Solutions LLC,6706 Hill Terrace,26365
A1 Solutions,6721 Park Terrace,12233
Quality Consulting,6382 Lake Way,62615
Quality Technologies,1554 Lake Blvd,38548
Best Company,178U Elm Dr,74451
Prime Solutions,8770 Oak Blvd,75595
Elite Solutions,744 Lake Terrace,92358
Best Services Company,6830 Main Dr,7179D
Prime Systems,8429 Maple Ct,86690
A1 Systems,6960 Elm Terrace,11352
Reliable Industries,8474 Hill Pl,8518
Prie Technologies Company,223 Hill TerUace,82518
Prime Systems,4015 Park Way,95145
Top Systems Inc.,9013 Prk Way,56731
A1 Systems,797 Elm Terrace,22161
Prime Technologies,5781 Washington EAve,31922
Elite Group,780 Maple Pl,92023
ToprSystems LLC,1386 Pine Way,15041
Super Group,2592 Cedar Agve,24040
Quality Systems,7419 Pine GTerrace,f9978
Best Systems Company,5217 Pine L,78916
Expert Systems,8444 Oak Ct,97152
Best Services,2149 Lake St,l5956
Top Asociates,6309 Elm St,727D4
Elite Technologies,3195 Hill Ln,83115
A1 Services Corp.,8534 Cedar Pl,52699
Quality Consulting,6291 Cedar Rd,41509
Quality Industries Corp.,3051 Main Ave,48209
Best Industries,8787 Oak Way,25420
Expert Company,1775 Park Pl,21784
Best Enterprises,1053 Elm St,41961
Top Industries,6465 Maple Dr,1814i
Quality CompaNy,7562 Lake Pl,81937
Quality ervices,2647 ake Blvd,78014
Prime Systems Company,2227 Lake Way,38250
Top Industries Ltd.,9187 Maple Rd,23717
Top Services,1258 Maple St,76200
Super Company,7707 Hill Terrace,66761
Quality Systems Corp.,1876 Main Way,45606
Quality Solutions LLC,2079 Park Ln,27015
A1 Group,3122 Washington St,45297
Elite Services,7221 Washington Ave,67022
Elite Group,9426 Hill Blvd,58893
Reliable Enterprises,1105 Maple Ct,65450
Best Associates CompanyY,5465 Hilpl Blvd,78867
Prime Solutions Inc.,553 Lake Dr,82714
Prime Solutions,3178 Main Wqy,65401
Reliable Consulting,2963 PaEk Ln,52466
Prime Services,7017 cill Ln,44175
Reliable Solutions,2241 Park Dr,59114
Expert Systems,7735 Hill n,15094
Expert Group,6842 Pine Ln,15792
Pro Solutions LLC,807 Lake Terrace,17755
Quality Systems Inc.,3488WMain Dr,27316
Expert Group,7329 MapGe Way,14114
Prime Company,6032 Lake Ln,50665
Elite ConsuNting,214 Maple Ct,64882
A1 Entegprises,1279 Cedar Dr,32871
Prime Company LLC,5360 Washington Rd,65441
A1 Systems,241 Maple Av,9724
Expert Technologies,3163 ENm Rd,67612
Expert Consulting LLC,2048 Cedar Way,24748
Best Systems Ltd.,1342 Pine St,49042
Expert Company Corp.,181 Park Dr,95071
Pro Consuling Company,f963 Oak Blvd,36281
Best Company,1537 Cedar Ln,90711
Pro Solutions Inc.,962 Cedar Terrace,99032
A1 Associates,7054 Hill TeLrrace,8515N
Elite Industries Company,8819 Washington Terrace,18733
Prime Solutions,4599 Elm Ave,43607
Quality Consulting LLC,878 Oak Rd,99987
Prime Associates Ltd.,5066 Ceda Rd,15131
Pro Consulting Corp.,3603 Pine Way,61579
A1 Cjonsulting,4148dPine Way,51955
Super Systems,5667 Maple St,58551
Reliable Group,4256 Park Pl,93635
Expert Technologies Ltd.,4574 Lake Way,18202
Best Solutions,991 Maple Ave,65052
Super Group Company,8596 Pine Way,91531
Super Systems,8889 Park St,18039
Best Technologies,3479 Oak Terrace,37393
Prime Company,4999 Cedar Pl,80161
Best Systems,8708 Hill Ct,d2230
Top Enterprises,9491 Park Ave,33700
Expert Systems,9728 PaGk Way,92157
Expert Industries,7469 Park Wy,58618
Elite Solutions Ltd.,3648 Lake Ave,55544
A1 Xompany,4815 Washington Ln,28833
Top Services,5346 Pine Rd,71205
Top Company,7472 Washington Rd,30324
Super Services,5437 ak Ln,87030
Elite Systems,990 Pine Rd,57194
Pro Company Corp.,2028M Oak Way,1186P
Pro Systems,8099 Lake Terrace,37491
Super Technologies,4645 ElmT Dr,56101
Reliable Services,2o002 Main Pl,194o5
Top Technologies Company,7834 Main Pl,72516
Pro Associates,2470 Park Ct,15518
Prime Solutions Company,3382 Pine Pl,10224
Pro Industries Company,5023 Pine Terrace,55259
Prime Company Inc.,5852 Maple Terrace,9X587
Reliable Enterprises Corp.,2167 Washington Ave,3184
Best Technologies,8298 Hill Ct,58034
Pro Systekms,4479 Elm Dr,21036
Expert Consulting,3295 Lake Ct,14494
Super Consrulting Ltd.,7230 Lake Ave,74704
Expert Consulting,3601 Lake Dr,14562
Pro Indusiries Ltd.,7409 Maple St,7275
Top Associates,6961 Maple Ave,67734
Prime Associates,3780 Hill Ct,83372
Elite Sysems LLC,3881 Oak Rd,31923
Reliable Company Corp.,5295 Maple Terrace,661K0
Quality Systems,7210 Hill St,81376
Best Enterprises Inc.,8550 Elm St,63170
Best Systems,2690 Washington Rd,19533
Prime Enterprises Inc.,673 Washington Rd,66740
A1 Consulting,9056 Lake Dr,95039
Reliable Associates,2301 Main Terrace,25847
Expert Solutions LLC,8674 Pines Ln,48A30
Quality Associates,4432 Elm St,65160
Pro Consulting,1150 Main Ln,62946
Prime Services,4328 Washington Terrace,62983
eA1 Solutions,3577 Pine Ave,35091
Expert Systems Corp.,1026 Pine Ct,81769
Quality Enterprises,9215 Washington Ct,68910
Pro Systems,8886J Washington Pl,85094
Super Systems Corp.,267 Elm Ave,96140
Quality Consultinl LLC,9560 Pine Ct,95887
Expert Solutions Ltd.,3239 Cedar Ln,79356
A1 Associates,4113 ak St,52K47
Prime Associates,5235 Washingtuon Blvd,20959
PrimM Associates Inc.,763 Oak Pl,b0190
Super Company,8796 Pine Rd,66757
AA1 Industries LLC,4599 Lake Ct,59717
Reliable Services Company,3256 Pine Rd,64189
Pro Associates,1587 Cedar Dr,91604
Elite Technologies Inc.,8265 Washington Dr,75196
Reliable Solutions,1985 Elm Way,81288
Prime Solutions,1422 Oak St,47313
Elite Group Company,2477 Main Terrace,48736
Prime Solutions Inc.,36e6 Oak Rd,71240
Prime Industries Inc.,3488 Maple Pl,84356
Pro Technolgies Company,5755 Lake St,51498
Elite Solutions Ltd.,7867 Lake Blvd,48606
Top Associates,8681 Maple Blvd,64484
Quality Enterprises,9588 Park Terrace,10565
Quality Services,6764 Oak Ln,55032
Elite Enterprises,7922 Hill Pl,8149
Quality broup,2767 Park Dr,93591
Super Industries,9910 Oak Dr,29883
Pro Associates Inc.,36n3 Washington Ave,19267
Pro Group Coppany,1270 Elm Dr,57107
A1 Industries,189Pine Terrace,78137
Quality SystemQ,7419 Pine GTerrace,f9978
Prime Company,343 Park St,1870R6
Expert Group LLoC,3786 Hill WayI,91374
Prime Solutions,645m Hill Terrace,35264
Best Solutions,311 Pine Rd,33582
Elite Group Company,Y2477 Main Terrace,48736
A1 Systems,8814 Washington Blvd,2x351
Quality Sysems,7233 Cedar Blvd,28526
A1 Group,4111 LLake St,55518
Reliable Solutions,2241 ParksDr,59114
Pro Inidustries,1059 Hvll Pl,31774
Expe Group,1197 Oak Ave,61388
Best Solutions Corp.,7649 Main Ct,387Y
AM Grup,8825 Maple Rd,21681
Expert Systems,j341 Cedar Rd,51732
ReliaNle SFstems Inc.,6195 Main Pl,5t210
Super Associates,9500 Lake tl,6623
Pro Groupk,5197 Hill Ct,38202a
Prime Associates,9449 Lake Ct,513U0
Quality Consulting,3286 Oak Ave,9435
Pro Solutins,1368 Hil Ave,65558
Elie Group,8991 Park Way,58503
Elite Industries,9687 Oak Rd,3398
Top Solutions,3554 Washington Rd,93134z
Pro Services,1659 MainW Way,80746
Quality Consulting LLC,8h8 Oak Rd,99987
lite Group,9158 Lake Ave,39098
Pro Technologes,435 Main Way,7495
Expert Entetrprises,6479 Cedar Pl,39618
Bst Company,374 Main Ave,64255
Pro Associates Corp.,7781 Hill Rod,76631
Elite Group Compny,7566 Pine Pl,67880
Pro Associates Inc.,36n3 WashingtJn Ave,19267
A1 Technologies,9532 Cedar Pl,m39950
A1 Entegprises,1279 Cedar Dr,w32871
Pro Cionsulting,8634 Lake St,40651
Quality Systems,7233 Cedar Bld,28526
Reliable Scervices,7893 Lake Way,50723
Pro Grop,7517 Pie Rd,82575
Expert Services,7461 ParDk Rd,71655
Best Solutions,6550 Oak St,9713
Best Erterprises Inc.,8550 Elm St,63170
Super Industries Inc.,3063 Lake Blvd,8155b
Rpliable EnterprPises Corp.,9460 Pine Ct,39858
Expert Technologies,3163 ENm Rd,G7612
Top Servies,7782 Park Dr,80905
Best Solutions,6550 Oak St,x7913
Prime Solutions,8770 Oak Blvd,75M595
juper Technologies,4157 Washington Terrace,18988
Prime Associates,9449 Lake Ct,513U
Elite Solutions,6323 Washington Ln,9858
Elite Industlies Ltd.,1218 Oak St,52395
Besct Systems Company,5217 Pine L,78916
Best Solutions,6550 Oak St,7913
Prime Industries,3336 Pine Ct,55349M
Pro Solutsons,2074 Main Blvd,58588
Experh Associates,2925 MupleRd,17764
Expert SolutionL LLiC,4238 Pine Ave,98790
Expert Industries,3986 OGak Terrace,3829
Prime Associates,3780 Hwill Ct,83372
Reliable Enterprises Ltd.,740 Elm Ct,10919
Expert Group LLoC,3786 ill WayI,91374
Qualita Systems,7419 Pine GTerrace,f9978
Pro Gron,7517 Pie Rd,82575
Super Industries,17y92 Cedar Rd,35819
Pro Consultfng Ltd.,6730 Cedar St,27788
Elite Group Company,2477 Main Terrace,4873
A1 SoXlutions Company,4124 Lake Ave,86896
Best Enterprises Inc.,1562 Cedar Way,86A75
Pro Company,2098 Elm Rd,80Z0
Best Company,1537 Cdar Ln,90711
Reliable Servivces,6777 Washington Blvd,384z3
Reliable Services,7893 Lake Way,5023
SuperxSystems,5864 Main Blvd,22944
Expert Systems,5445 Lake fDr,66826
Super Associates,A193 Cedar St,42730
Ae Technologies,4685 Washington Rd,23576
Reliable Services,7893 Lake Way,5023
Elite Technologies Inc.,3578 Oak Ave,Q95790
Prime Industries,4136 HVll Ln,80Y128
A1 Systems,9621 Mapl Dr,89181
Prime Enterprises LLC,9805Park gn,68517
A1 Compaxy,3361 Main Blvd,73832
Best Systemd Company,632 Main Ave,42235
Prime aechnologies,3198 Lake Ct,3163
Quality Cmpany,7663 Washington Blvd,41157
Expert Enterprises,479 Cedar Pl,39618
Expert Group Ltd.,853 LaPe Terrace,81063
A1 CTechnologies,7294 Oak Ave,2073
A1 Group LLC,4837 Elmg Blvd,51694
Retliable Enterprises,387 Oak Blvd,80273
Qualityq Group LLC,709 Mape Way,87353
Elite Solutions,6323 Washinton Ln,9858
Prime Soutions,8732 Ok Ct,39673
PronIndusries,2202 Main Ct,60167
Av1 Consulting,7966 Oak Ct,67722
Best IPndustries,8854 Elm St,98797
Quality Consulting,3286 Oak AvX,9435
Top Industries Ltd.,9187Maple Rd,23717
